Trade number,Instrument,Account,Strategy,Market pos.,Qty,Entry price,Exit price,Entry time,Exit time,Entry name,Exit name,Profit,Cum. net profit,Commission,MAE,MFE,ETD,Bars,
1,MNQ DEC24,Backtest,MomentumNQ,Long,1,17872.00,17809.00,1/5/2022 10:34:00 AM,1/5/2022 10:42:00 AM,Buy,Stop loss,($127.74),($127.74),$1.74,$126.00,$1.50,$129.24,3,
2,MNQ DEC24,Backtest,MomentumNQ,Long,1,17181.25,17474.50,1/11/2022 9:50:00 AM,1/11/2022 1:50:00 PM,Buy,Sell,$584.76,$457.02,$1.74,$28.00,$649.50,$64.74,61,
3,MNQ DEC24,Backtest,MomentumNQ,Long,1,17479.50,17506.00,1/11/2022 2:02:00 PM,1/11/2022 4:00:00 PM,Buy,Exit on session close,$51.26,$508.28,$1.74,$83.00,$70.00,$18.74,31,
4,MNQ DEC24,Backtest,MomentumNQ,Long,1,17542.50,17569.50,1/12/2022 12:18:00 PM,1/12/2022 4:00:00 PM,Buy,Exit on session close,$52.26,$560.54,$1.74,$23.00,$170.00,$117.74,57,
5,MNQ DEC24,Backtest,MomentumNQ,Short,1,17634.00,17324.75,1/13/2022 9:38:00 AM,1/13/2022 1:38:00 PM,Sell short,Buy to cover,$616.76,$1177.30,$1.74,$39.50,$730.00,$113.24,61,
6,MNQ DEC24,Backtest,MomentumNQ,Short,1,17210.75,17273.75,1/14/2022 2:42:00 PM,1/14/2022 3:42:00 PM,Sell short,Stop loss,($127.74),$1049.56,$1.74,$126.00,$80.00,$207.74,16,
7,MNQ DEC24,Backtest,MomentumNQ,Long,1,15877.50,15814.50,1/25/2022 10:50:00 AM,1/25/2022 10:58:00 AM,Buy,Stop loss,($127.74),$921.82,$1.74,$126.00,$80.00,$207.74,3,
8,MNQ DEC24,Backtest,MomentumNQ,Short,1,15845.75,15908.75,1/25/2022 1:34:00 PM,1/25/2022 1:50:00 PM,Sell short,Stop loss,($127.74),$794.08,$1.74,$126.00,$22.00,$149.74,5,
9,MNQ DEC24,Backtest,MomentumNQ,Short,1,16086.00,16149.00,1/26/2022 9:38:00 AM,1/26/2022 10:02:00 AM,Sell short,Stop loss,($127.74),$666.34,$1.74,$126.00,$123.00,$250.74,7,
10,MNQ DEC24,Backtest,MomentumNQ,Long,1,16115.00,16052.00,1/26/2022 11:26:00 AM,1/26/2022 2:38:00 PM,Buy,Stop loss,($127.74),$538.60,$1.74,$126.00,$403.50,$531.24,49,
11,MNQ DEC24,Backtest,MomentumNQ,Long,1,16391.00,16500.50,1/31/2022 11:38:00 AM,1/31/2022 3:38:00 PM,Buy,Sell,$217.26,$755.86,$1.74,$22.50,$224.50,$7.24,61,
12,MNQ DEC24,Backtest,MomentumNQ,Long,1,16773.50,16710.50,2/2/2022 10:50:00 AM,2/2/2022 10:54:00 AM,Buy,Stop loss,($127.74),$628.12,$1.74,$126.00,$15.00,$142.74,2,
13,MNQ DEC24,Backtest,MomentumNQ,Long,1,16412.50,16349.50,2/7/2022 10:30:00 AM,2/7/2022 11:10:00 AM,Buy,Stop loss,($127.74),$500.38,$1.74,$126.00,$62.50,$190.24,11,
14,MNQ DEC24,Backtest,MomentumNQ,Long,1,16630.50,16659.00,2/9/2022 11:06:00 AM,2/9/2022 3:06:00 PM,Buy,Sell,$55.26,$555.64,$1.74,$93.00,$136.50,$81.24,61,
15,MNQ DEC24,Backtest,MomentumNQ,Short,1,16164.50,16219.75,2/15/2022 9:38:00 AM,2/15/2022 11:14:00 AM,Sell short,Close position,($112.24),$443.40,$1.74,$116.50,$90.00,$202.24,25,
16,MNQ DEC24,Backtest,MomentumNQ,Long,1,16219.75,16156.75,2/15/2022 11:14:00 AM,2/15/2022 12:18:00 PM,Buy,Stop loss,($127.74),$315.66,$1.74,$126.00,$37.50,$165.24,17,
17,MNQ DEC24,Backtest,MomentumNQ,Short,1,15528.75,15182.50,2/23/2022 12:26:00 PM,2/23/2022 4:00:00 PM,Sell short,Exit on session close,$690.76,$1006.42,$1.74,$20.50,$718.50,$27.74,55,
18,MNQ DEC24,Backtest,MomentumNQ,Long,1,15678.00,15795.75,2/25/2022 10:46:00 AM,2/25/2022 2:46:00 PM,Buy,Sell,$233.76,$1240.18,$1.74,$17.00,$346.00,$112.24,61,
19,MNQ DEC24,Backtest,MomentumNQ,Long,1,15657.75,15799.75,3/2/2022 10:18:00 AM,3/2/2022 11:10:00 AM,Buy,Close position,$282.26,$1522.44,$1.74,$65.00,$330.50,$48.24,14,
20,MNQ DEC24,Backtest,MomentumNQ,Short,1,15799.75,15862.75,3/2/2022 11:10:00 AM,3/2/2022 11:30:00 AM,Sell short,Stop loss,($127.74),$1394.70,$1.74,$126.00,$0.00,$127.74,6,
21,MNQ DEC24,Backtest,MomentumNQ,Long,1,15877.00,15910.75,3/2/2022 12:50:00 PM,3/2/2022 4:00:00 PM,Buy,Exit on session close,$65.76,$1460.46,$1.74,$71.00,$181.50,$115.74,49,
22,MNQ DEC24,Backtest,MomentumNQ,Long,1,15342.00,15415.25,3/9/2022 12:14:00 PM,3/9/2022 4:00:00 PM,Buy,Exit on session close,$144.76,$1605.22,$1.74,$68.50,$256.50,$111.74,58,
23,MNQ DEC24,Backtest,MomentumNQ,Short,1,14866.75,14929.75,3/15/2022 9:38:00 AM,3/15/2022 10:30:00 AM,Sell short,Stop loss,($127.74),$1477.48,$1.74,$126.00,$206.50,$334.24,14,
24,MNQ DEC24,Backtest,MomentumNQ,Long,1,15029.25,14966.75,3/15/2022 12:22:00 PM,3/15/2022 1:30:00 PM,Buy,Stop loss,($126.74),$1350.74,$1.74,$125.00,$68.00,$194.74,18,
25,MNQ DEC24,Backtest,MomentumNQ,Long,1,15635.50,15572.50,3/17/2022 10:26:00 AM,3/17/2022 10:46:00 AM,Buy,Stop loss,($127.74),$1223.00,$1.74,$126.00,$20.50,$148.24,6,
26,MNQ DEC24,Backtest,MomentumNQ,Long,1,15603.50,15768.50,3/17/2022 12:02:00 PM,3/17/2022 4:00:00 PM,Buy,Sell,$328.26,$1551.26,$1.74,$46.00,$371.00,$42.74,61,
27,MNQ DEC24,Backtest,MomentumNQ,Long,1,15738.00,15996.00,3/18/2022 9:42:00 AM,3/18/2022 1:42:00 PM,Buy,Sell,$514.26,$2065.52,$1.74,$52.00,$524.50,$10.24,61,
28,MNQ DEC24,Backtest,MomentumNQ,Long,1,16801.50,16917.00,3/29/2022 11:22:00 AM,3/29/2022 3:22:00 PM,Buy,Sell,$229.26,$2294.78,$1.74,$90.50,$250.00,$20.74,61,
29,MNQ DEC24,Backtest,MomentumNQ,Long,1,16770.75,16806.25,4/4/2022 11:10:00 AM,4/4/2022 3:10:00 PM,Buy,Sell,$69.26,$2364.04,$1.74,$53.00,$94.00,$24.74,61,
30,MNQ DEC24,Backtest,MomentumNQ,Long,1,15843.75,15780.75,4/12/2022 11:58:00 AM,4/12/2022 12:10:00 PM,Buy,Stop loss,($127.74),$2236.30,$1.74,$126.00,$24.00,$151.74,4,
31,MNQ DEC24,Backtest,MomentumNQ,Short,1,15752.50,15815.50,4/13/2022 10:22:00 AM,4/13/2022 11:06:00 AM,Sell short,Stop loss,($127.74),$2108.56,$1.74,$126.00,$67.50,$195.24,12,
32,MNQ DEC24,Backtest,MomentumNQ,Long,1,15866.25,15897.00,4/13/2022 1:14:00 PM,4/13/2022 4:00:00 PM,Buy,Exit on session close,$59.76,$2168.32,$1.74,$115.00,$154.00,$94.24,43,
33,MNQ DEC24,Backtest,MomentumNQ,Short,1,15672.25,15664.00,4/18/2022 10:30:00 AM,4/18/2022 2:30:00 PM,Sell short,Buy to cover,$14.76,$2183.08,$1.74,$13.00,$419.50,$404.74,61,
34,MNQ DEC24,Backtest,MomentumNQ,Long,1,15870.75,15807.75,4/19/2022 11:58:00 AM,4/19/2022 1:30:00 PM,Buy,Stop loss,($127.74),$2055.34,$1.74,$126.00,$5.50,$133.24,24,
35,MNQ DEC24,Backtest,MomentumNQ,Short,1,15923.50,15600.75,4/21/2022 9:38:00 AM,4/21/2022 1:38:00 PM,Sell short,Buy to cover,$643.76,$2699.10,$1.74,$72.00,$783.00,$139.24,61,
36,MNQ DEC24,Backtest,MomentumNQ,Short,1,14874.50,14808.50,4/27/2022 9:50:00 AM,4/27/2022 1:50:00 PM,Sell short,Buy to cover,$130.26,$2829.36,$1.74,$114.00,$535.00,$404.74,61,
37,MNQ DEC24,Backtest,MomentumNQ,Short,1,14899.00,14962.00,4/28/2022 9:38:00 AM,4/28/2022 12:38:00 PM,Sell short,Stop loss,($127.74),$2701.62,$1.74,$126.00,$378.00,$505.74,46,
38,MNQ DEC24,Backtest,MomentumNQ,Long,1,15152.50,15089.50,4/28/2022 2:42:00 PM,4/28/2022 3:58:00 PM,Buy,Stop loss,($127.74),$2573.88,$1.74,$126.00,$132.50,$260.24,20,
39,MNQ DEC24,Backtest,MomentumNQ,Long,1,14775.00,14712.00,5/3/2022 10:38:00 AM,5/3/2022 10:42:00 AM,Buy,Stop loss,($127.74),$2446.14,$1.74,$126.00,$21.00,$148.74,2,
40,MNQ DEC24,Backtest,MomentumNQ,Long,1,14701.75,14724.25,5/3/2022 10:46:00 AM,5/3/2022 2:50:00 PM,Buy,Sell,$43.26,$2489.40,$1.74,$97.00,$317.50,$274.24,62,
41,MNQ DEC24,Backtest,MomentumNQ,Long,1,14750.25,14765.50,5/3/2022 3:42:00 PM,5/3/2022 4:00:00 PM,Buy,Exit on session close,$28.76,$2518.16,$1.74,$112.50,$43.00,$14.24,6,
42,MNQ DEC24,Backtest,MomentumNQ,Short,1,14165.00,14046.50,5/10/2022 9:38:00 AM,5/10/2022 1:38:00 PM,Sell short,Buy to cover,$235.26,$2753.42,$1.74,$96.50,$637.00,$401.74,61,
43,MNQ DEC24,Backtest,MomentumNQ,Long,1,14004.75,13941.75,5/13/2022 10:58:00 AM,5/13/2022 2:06:00 PM,Buy,Stop loss,($127.74),$2625.68,$1.74,$126.00,$204.50,$332.24,48,
44,MNQ DEC24,Backtest,MomentumNQ,Short,1,14042.25,14028.25,5/16/2022 10:34:00 AM,5/16/2022 2:54:00 PM,Sell short,Buy to cover,$26.26,$2651.94,$1.74,$70.00,$352.00,$325.74,66,
45,MNQ DEC24,Backtest,MomentumNQ,Short,1,14192.25,14179.75,5/17/2022 9:38:00 AM,5/17/2022 1:38:00 PM,Sell short,Buy to cover,$23.26,$2675.20,$1.74,$39.00,$367.50,$344.24,61,
46,MNQ DEC24,Backtest,MomentumNQ,Short,1,13706.50,13681.25,5/19/2022 11:42:00 AM,5/19/2022 12:30:00 PM,Sell short,Close position,$48.76,$2723.96,$1.74,$94.00,$108.00,$59.24,13,
47,MNQ DEC24,Backtest,MomentumNQ,Long,1,13681.25,13618.25,5/19/2022 12:30:00 PM,5/19/2022 12:42:00 PM,Buy,Stop loss,($127.74),$2596.22,$1.74,$126.00,$39.50,$167.24,4,
48,MNQ DEC24,Backtest,MomentumNQ,Short,1,13665.25,13728.25,5/19/2022 2:42:00 PM,5/19/2022 3:06:00 PM,Sell short,Stop loss,($127.74),$2468.48,$1.74,$126.00,$105.00,$232.74,7,
49,MNQ DEC24,Backtest,MomentumNQ,Long,1,13485.25,13683.75,5/23/2022 10:14:00 AM,5/23/2022 2:14:00 PM,Buy,Sell,$395.26,$2863.74,$1.74,$29.50,$486.50,$91.24,61,
50,MNQ DEC24,Backtest,MomentumNQ,Long,1,13901.50,13920.50,5/26/2022 11:26:00 AM,5/26/2022 3:26:00 PM,Buy,Sell,$36.26,$2900.00,$1.74,$85.50,$237.00,$200.74,61,
51,MNQ DEC24,Backtest,MomentumNQ,Long,1,14263.50,14345.00,5/27/2022 12:02:00 PM,5/27/2022 4:00:00 PM,Buy,Sell,$161.26,$3061.26,$1.74,$54.00,$168.50,$7.24,61,
52,MNQ DEC24,Backtest,MomentumNQ,Long,1,14411.75,14348.75,5/31/2022 2:30:00 PM,5/31/2022 2:46:00 PM,Buy,Stop loss,($127.74),$2933.52,$1.74,$126.00,$15.50,$143.24,5,
53,MNQ DEC24,Backtest,MomentumNQ,Short,1,14456.25,14186.75,6/1/2022 9:38:00 AM,6/1/2022 1:38:00 PM,Sell short,Buy to cover,$537.26,$3470.78,$1.74,$87.00,$650.00,$112.74,61,
54,MNQ DEC24,Backtest,MomentumNQ,Short,1,14307.50,14226.50,6/1/2022 2:30:00 PM,6/1/2022 4:00:00 PM,Sell short,Exit on session close,$160.26,$3631.04,$1.74,$66.50,$175.00,$14.74,24,
55,MNQ DEC24,Backtest,MomentumNQ,Long,1,14215.50,14535.00,6/2/2022 10:38:00 AM,6/2/2022 2:38:00 PM,Buy,Sell,$637.26,$4268.30,$1.74,$14.00,$655.00,$17.74,61,
56,MNQ DEC24,Backtest,MomentumNQ,Short,1,14433.00,14273.50,6/6/2022 9:38:00 AM,6/6/2022 1:38:00 PM,Sell short,Buy to cover,$317.26,$4585.56,$1.74,$108.00,$447.00,$129.74,61,
57,MNQ DEC24,Backtest,MomentumNQ,Long,1,14403.75,14341.25,6/8/2022 10:34:00 AM,6/8/2022 12:30:00 PM,Buy,Stop loss,($126.74),$4458.82,$1.74,$125.00,$94.50,$221.24,30,
58,MNQ DEC24,Backtest,MomentumNQ,Short,1,13305.50,13368.50,6/15/2022 2:46:00 PM,6/15/2022 2:46:00 PM,Sell short,Stop loss,($127.74),$4331.08,$1.74,$126.00,$0.00,$127.74,1,
59,MNQ DEC24,Backtest,MomentumNQ,Short,1,12909.00,12972.00,6/17/2022 9:38:00 AM,6/17/2022 9:54:00 AM,Sell short,Stop loss,($127.74),$4203.34,$1.74,$126.00,$47.00,$174.74,5,
60,MNQ DEC24,Backtest,MomentumNQ,Long,1,12919.75,12934.75,6/17/2022 1:02:00 PM,6/17/2022 4:00:00 PM,Buy,Exit on session close,$28.26,$4231.60,$1.74,$15.00,$238.50,$210.24,46,
61,MNQ DEC24,Backtest,MomentumNQ,Short,1,13321.50,13384.00,6/23/2022 10:26:00 AM,6/23/2022 11:18:00 AM,Sell short,Stop loss,($126.74),$4104.86,$1.74,$125.00,$90.50,$217.24,14,
62,MNQ DEC24,Backtest,MomentumNQ,Long,1,13647.25,13691.25,6/24/2022 10:58:00 AM,6/24/2022 2:58:00 PM,Buy,Sell,$86.26,$4191.12,$1.74,$70.50,$106.00,$19.74,61,
63,MNQ DEC24,Backtest,MomentumNQ,Long,1,13725.75,13662.75,6/27/2022 10:50:00 AM,6/27/2022 3:06:00 PM,Buy,Stop loss,($127.74),$4063.38,$1.74,$126.00,$137.50,$265.24,65,
64,MNQ DEC24,Backtest,MomentumNQ,Short,1,13788.00,13411.25,6/28/2022 9:38:00 AM,6/28/2022 1:38:00 PM,Sell short,Buy to cover,$751.76,$4815.14,$1.74,$58.00,$813.50,$61.74,61,
65,MNQ DEC24,Backtest,MomentumNQ,Long,1,13270.50,13207.50,6/30/2022 2:14:00 PM,6/30/2022 2:46:00 PM,Buy,Stop loss,($127.74),$4687.40,$1.74,$126.00,$35.00,$162.74,9,
66,MNQ DEC24,Backtest,MomentumNQ,Long,1,13443.00,13454.75,7/5/2022 4:00:00 PM,7/5/2022 4:00:00 PM,Buy,Exit on session close,$21.76,$4709.16,$1.74,$8.50,$28.00,$6.24,1,
67,MNQ DEC24,Backtest,MomentumNQ,Long,1,13711.50,13800.50,7/7/2022 11:22:00 AM,7/7/2022 3:22:00 PM,Buy,Sell,$176.26,$4885.42,$1.74,$83.00,$193.00,$16.74,61,
68,MNQ DEC24,Backtest,MomentumNQ,Long,1,13577.75,13637.75,7/15/2022 10:54:00 AM,7/15/2022 2:54:00 PM,Buy,Sell,$118.26,$5003.68,$1.74,$36.50,$130.00,$11.74,61,
69,MNQ DEC24,Backtest,MomentumNQ,Long,1,13807.25,13744.25,7/18/2022 11:50:00 AM,7/18/2022 1:34:00 PM,Buy,Stop loss,($127.74),$4875.94,$1.74,$126.00,$41.00,$168.74,27,
70,MNQ DEC24,Backtest,MomentumNQ,Long,1,14112.50,14049.50,7/20/2022 11:42:00 AM,7/20/2022 12:50:00 PM,Buy,Stop loss,($127.74),$4748.20,$1.74,$126.00,$95.50,$223.24,18,
71,MNQ DEC24,Backtest,MomentumNQ,Short,1,13925.75,13988.75,7/27/2022 9:38:00 AM,7/27/2022 9:42:00 AM,Sell short,Stop loss,($127.74),$4620.46,$1.74,$126.00,$13.50,$141.24,2,
72,MNQ DEC24,Backtest,MomentumNQ,Long,1,14272.25,14257.75,7/27/2022 3:58:00 PM,7/27/2022 4:00:00 PM,Buy,Exit on session close,($30.74),$4589.72,$1.74,$33.00,$48.50,$79.24,2,
73,MNQ DEC24,Backtest,MomentumNQ,Long,1,14501.50,14613.75,7/29/2022 12:30:00 PM,7/29/2022 4:00:00 PM,Buy,Exit on session close,$222.76,$4812.48,$1.74,$26.50,$307.50,$84.74,54,
74,MNQ DEC24,Backtest,MomentumNQ,Long,1,14626.25,14563.25,8/1/2022 10:34:00 AM,8/1/2022 1:42:00 PM,Buy,Stop loss,($127.74),$4684.74,$1.74,$126.00,$250.00,$377.74,48,
75,MNQ DEC24,Backtest,MomentumNQ,Short,1,14692.25,14755.25,8/3/2022 9:38:00 AM,8/3/2022 9:58:00 AM,Sell short,Stop loss,($127.74),$4557.00,$1.74,$126.00,$37.00,$164.74,6,
76,MNQ DEC24,Backtest,MomentumNQ,Long,1,14908.50,14914.50,8/3/2022 1:10:00 PM,8/3/2022 4:00:00 PM,Buy,Exit on session close,$10.26,$4567.26,$1.74,$38.50,$89.50,$79.24,44,
77,MNQ DEC24,Backtest,MomentumNQ,Long,1,15007.50,14944.50,8/8/2022 10:38:00 AM,8/8/2022 11:18:00 AM,Buy,Stop loss,($127.74),$4439.52,$1.74,$126.00,$44.50,$172.24,11,
78,MNQ DEC24,Backtest,MomentumNQ,Long,1,15023.75,14960.75,8/10/2022 11:10:00 AM,8/10/2022 12:26:00 PM,Buy,Stop loss,($127.74),$4311.78,$1.74,$126.00,$15.00,$142.74,20,
79,MNQ DEC24,Backtest,MomentumNQ,Short,1,15052.25,15115.25,8/12/2022 9:58:00 AM,8/12/2022 11:18:00 AM,Sell short,Stop loss,($127.74),$4184.04,$1.74,$126.00,$89.50,$217.24,21,
80,MNQ DEC24,Backtest,MomentumNQ,Short,1,14636.50,14588.50,8/23/2022 10:14:00 AM,8/23/2022 10:46:00 AM,Sell short,Close position,$94.26,$4278.30,$1.74,$50.50,$128.50,$34.24,9,
81,MNQ DEC24,Backtest,MomentumNQ,Long,1,14588.50,14525.50,8/23/2022 10:46:00 AM,8/23/2022 11:06:00 AM,Buy,Stop loss,($127.74),$4150.56,$1.74,$126.00,$43.50,$171.24,6,
82,MNQ DEC24,Backtest,MomentumNQ,Long,1,13698.00,13856.50,9/7/2022 10:26:00 AM,9/7/2022 2:26:00 PM,Buy,Sell,$315.26,$4465.82,$1.74,$41.00,$401.00,$85.74,61,
83,MNQ DEC24,Backtest,MomentumNQ,Short,1,13911.50,13970.00,9/8/2022 1:18:00 PM,9/8/2022 4:00:00 PM,Sell short,Exit on session close,($118.74),$4347.08,$1.74,$118.50,$78.50,$197.24,42,
84,MNQ DEC24,Backtest,MomentumNQ,Short,1,13693.25,13572.75,9/15/2022 1:10:00 PM,9/15/2022 4:00:00 PM,Sell short,Exit on session close,$239.26,$4586.34,$1.74,$50.00,$376.00,$136.74,44,
85,MNQ DEC24,Backtest,MomentumNQ,Short,1,12944.25,12942.25,9/23/2022 3:50:00 PM,9/23/2022 4:00:00 PM,Sell short,Exit on session close,$2.26,$4588.60,$1.74,$12.00,$100.50,$98.24,4,
86,MNQ DEC24,Backtest,MomentumNQ,Short,1,13087.75,13013.50,9/27/2022 9:38:00 AM,9/27/2022 10:26:00 AM,Sell short,Close position,$146.76,$4735.36,$1.74,$96.00,$229.50,$82.74,13,
87,MNQ DEC24,Backtest,MomentumNQ,Long,1,13013.50,12950.50,9/27/2022 10:26:00 AM,9/27/2022 11:30:00 AM,Buy,Stop loss,($127.74),$4607.62,$1.74,$126.00,$116.50,$244.24,17,
88,MNQ DEC24,Backtest,MomentumNQ,Short,1,12603.25,12549.25,10/10/2022 1:54:00 PM,10/10/2022 4:00:00 PM,Sell short,Exit on session close,$106.26,$4713.88,$1.74,$65.50,$127.50,$21.24,33,
89,MNQ DEC24,Backtest,MomentumNQ,Short,1,12530.75,12593.75,10/11/2022 11:50:00 AM,10/11/2022 12:46:00 PM,Sell short,Stop loss,($127.74),$4586.14,$1.74,$126.00,$100.00,$227.74,15,
90,MNQ DEC24,Backtest,MomentumNQ,Short,1,12476.50,12415.25,10/12/2022 9:42:00 AM,10/12/2022 1:42:00 PM,Sell short,Buy to cover,$120.76,$4706.90,$1.74,$73.50,$203.00,$82.24,61,
91,MNQ DEC24,Backtest,MomentumNQ,Long,1,12180.75,12577.75,10/13/2022 10:34:00 AM,10/13/2022 2:34:00 PM,Buy,Sell,$792.26,$5499.16,$1.74,$17.50,$1009.00,$216.74,61,
92,MNQ DEC24,Backtest,MomentumNQ,Short,1,12608.75,12671.75,10/17/2022 9:38:00 AM,10/17/2022 9:42:00 AM,Sell short,Stop loss,($127.74),$5371.42,$1.74,$126.00,$17.00,$144.74,2,
93,MNQ DEC24,Backtest,MomentumNQ,Long,1,12685.00,12691.00,10/17/2022 11:54:00 AM,10/17/2022 3:54:00 PM,Buy,Sell,$10.26,$5381.68,$1.74,$80.50,$56.50,$46.24,61,
94,MNQ DEC24,Backtest,MomentumNQ,Long,1,12677.25,12862.75,10/21/2022 10:34:00 AM,10/21/2022 2:34:00 PM,Buy,Sell,$369.26,$5750.94,$1.74,$117.00,$421.50,$52.24,61,
95,MNQ DEC24,Backtest,MomentumNQ,Long,1,13248.25,13185.25,10/25/2022 11:38:00 AM,10/25/2022 1:18:00 PM,Buy,Stop loss,($127.74),$5623.20,$1.74,$126.00,$51.00,$178.74,26,
96,MNQ DEC24,Backtest,MomentumNQ,Long,1,12920.25,12857.25,10/27/2022 10:54:00 AM,10/27/2022 11:58:00 AM,Buy,Stop loss,($127.74),$5495.46,$1.74,$126.00,$72.50,$200.24,17,
97,MNQ DEC24,Backtest,MomentumNQ,Short,1,12918.00,12981.00,10/28/2022 9:46:00 AM,10/28/2022 10:34:00 AM,Sell short,Stop loss,($127.74),$5367.72,$1.74,$126.00,$186.00,$313.74,13,
98,MNQ DEC24,Backtest,MomentumNQ,Long,1,13073.25,13152.00,10/28/2022 12:30:00 PM,10/28/2022 4:00:00 PM,Buy,Exit on session close,$155.76,$5523.48,$1.74,$43.00,$199.50,$43.74,54,
99,MNQ DEC24,Backtest,MomentumNQ,Short,1,13165.50,12912.25,11/1/2022 9:38:00 AM,11/1/2022 1:38:00 PM,Sell short,Buy to cover,$504.76,$6028.24,$1.74,$33.00,$564.50,$59.74,61,
100,MNQ DEC24,Backtest,MomentumNQ,Short,1,12971.50,12507.75,11/2/2022 2:06:00 PM,11/2/2022 4:00:00 PM,Sell short,Exit on session close,$925.76,$6954.00,$1.74,$112.00,$933.00,$7.24,30,
101,MNQ DEC24,Backtest,MomentumNQ,Short,1,12362.50,12425.50,11/4/2022 2:50:00 PM,11/4/2022 3:14:00 PM,Sell short,Stop loss,($127.74),$6826.26,$1.74,$126.00,$49.00,$176.74,7,
102,MNQ DEC24,Backtest,MomentumNQ,Long,1,12680.50,12617.50,11/8/2022 11:10:00 AM,11/8/2022 1:58:00 PM,Buy,Stop loss,($127.74),$6698.52,$1.74,$126.00,$237.50,$365.24,43,
103,MNQ DEC24,Backtest,MomentumNQ,Short,1,12919.00,12982.00,11/10/2022 9:38:00 AM,11/10/2022 9:58:00 AM,Sell short,Stop loss,($127.74),$6570.78,$1.74,$126.00,$164.50,$292.24,6,
104,MNQ DEC24,Backtest,MomentumNQ,Long,1,13044.00,13142.75,11/10/2022 11:38:00 AM,11/10/2022 3:38:00 PM,Buy,Sell,$195.76,$6766.54,$1.74,$108.00,$226.00,$30.24,61,
105,MNQ DEC24,Backtest,MomentumNQ,Long,1,13303.25,13415.25,11/11/2022 12:30:00 PM,11/11/2022 4:00:00 PM,Buy,Exit on session close,$222.26,$6988.80,$1.74,$27.50,$282.50,$60.24,54,
106,MNQ DEC24,Backtest,MomentumNQ,Short,1,13379.25,13442.25,11/14/2022 10:46:00 AM,11/14/2022 1:30:00 PM,Sell short,Stop loss,($127.74),$6861.06,$1.74,$126.00,$166.00,$293.74,42,
107,MNQ DEC24,Backtest,MomentumNQ,Short,1,13602.25,13595.75,11/15/2022 9:38:00 AM,11/15/2022 12:02:00 PM,Sell short,Close position,$11.26,$6872.32,$1.74,$40.00,$182.00,$170.74,37,
108,MNQ DEC24,Backtest,MomentumNQ,Long,1,13595.75,13532.75,11/15/2022 12:02:00 PM,11/15/2022 1:18:00 PM,Buy,Stop loss,($127.74),$6744.58,$1.74,$126.00,$23.50,$151.24,20,
109,MNQ DEC24,Backtest,MomentumNQ,Short,1,13284.00,13280.25,11/17/2022 12:10:00 PM,11/17/2022 4:00:00 PM,Sell short,Exit on session close,$5.76,$6750.34,$1.74,$117.50,$182.50,$176.74,59,
110,MNQ DEC24,Backtest,MomentumNQ,Long,1,13532.00,13618.25,11/30/2022 3:30:00 PM,11/30/2022 4:00:00 PM,Buy,Exit on session close,$170.76,$6921.10,$1.74,$11.00,$176.50,$5.74,9,
111,MNQ DEC24,Backtest,MomentumNQ,Long,1,13628.75,13565.75,12/1/2022 11:14:00 AM,12/1/2022 12:06:00 PM,Buy,Stop loss,($127.74),$6793.36,$1.74,$126.00,$6.00,$133.74,14,
112,MNQ DEC24,Backtest,MomentumNQ,Long,1,13614.75,13627.00,12/1/2022 1:06:00 PM,12/1/2022 4:00:00 PM,Buy,Exit on session close,$22.76,$6816.12,$1.74,$59.50,$104.00,$81.24,45,
113,MNQ DEC24,Backtest,MomentumNQ,Long,1,13556.75,13580.25,12/2/2022 3:46:00 PM,12/2/2022 4:00:00 PM,Buy,Exit on session close,$45.26,$6861.38,$1.74,$36.00,$59.00,$13.74,5,
114,MNQ DEC24,Backtest,MomentumNQ,Short,1,13404.75,13411.00,12/13/2022 1:50:00 PM,12/13/2022 4:00:00 PM,Sell short,Exit on session close,($14.24),$6847.14,$1.74,$109.00,$150.50,$164.74,34,
115,MNQ DEC24,Backtest,MomentumNQ,Long,1,13272.50,13312.50,12/14/2022 3:38:00 PM,12/14/2022 4:00:00 PM,Buy,Exit on session close,$78.26,$6925.40,$1.74,$39.00,$186.50,$108.24,7,
116,MNQ DEC24,Backtest,MomentumNQ,Long,1,12492.50,12529.50,12/23/2022 12:06:00 PM,12/23/2022 4:00:00 PM,Buy,Exit on session close,$72.26,$6997.66,$1.74,$48.00,$92.00,$19.74,60,
117,MNQ DEC24,Backtest,MomentumNQ,Short,1,12331.50,12394.50,12/29/2022 9:38:00 AM,12/29/2022 9:42:00 AM,Sell short,Stop loss,($127.74),$6869.92,$1.74,$126.00,$6.00,$133.74,2,
118,MNQ DEC24,Backtest,MomentumNQ,Long,1,12448.25,12598.50,1/6/2023 11:46:00 AM,1/6/2023 3:46:00 PM,Buy,Sell,$298.76,$7168.68,$1.74,$23.00,$336.00,$37.24,61,
119,MNQ DEC24,Backtest,MomentumNQ,Long,1,12818.00,12755.00,1/9/2023 11:14:00 AM,1/9/2023 1:42:00 PM,Buy,Stop loss,($127.74),$7040.94,$1.74,$126.00,$35.50,$163.24,38,
120,MNQ DEC24,Backtest,MomentumNQ,Long,1,12632.25,12695.00,1/10/2023 11:46:00 AM,1/10/2023 3:46:00 PM,Buy,Sell,$123.76,$7164.70,$1.74,$50.50,$179.50,$55.74,61,
121,MNQ DEC24,Backtest,MomentumNQ,Long,1,12988.50,12980.75,1/12/2023 2:30:00 PM,1/12/2023 4:00:00 PM,Buy,Exit on session close,($17.24),$7147.46,$1.74,$108.50,$35.50,$52.74,24,
122,MNQ DEC24,Backtest,MomentumNQ,Long,1,13124.50,13125.50,1/20/2023 3:58:00 PM,1/20/2023 4:00:00 PM,Buy,Exit on session close,$0.26,$7147.72,$1.74,$12.50,$23.50,$23.24,2,
123,MNQ DEC24,Backtest,MomentumNQ,Long,1,13393.75,13330.75,1/23/2023 11:54:00 AM,1/23/2023 2:46:00 PM,Buy,Stop loss,($127.74),$7019.98,$1.74,$126.00,$79.00,$206.74,44,
124,MNQ DEC24,Backtest,MomentumNQ,Long,1,14293.75,14230.75,2/2/2023 1:06:00 PM,2/2/2023 2:38:00 PM,Buy,Stop loss,($127.74),$6892.24,$1.74,$126.00,$182.50,$310.24,24,
125,MNQ DEC24,Backtest,MomentumNQ,Short,1,14149.25,13995.00,2/9/2023 9:38:00 AM,2/9/2023 1:38:00 PM,Sell short,Buy to cover,$306.76,$7199.00,$1.74,$17.50,$398.50,$91.74,61,
126,MNQ DEC24,Backtest,MomentumNQ,Long,1,13956.50,13987.25,2/13/2023 11:42:00 AM,2/13/2023 3:42:00 PM,Buy,Sell,$59.76,$7258.76,$1.74,$48.50,$123.00,$63.24,61,
127,MNQ DEC24,Backtest,MomentumNQ,Short,1,13693.50,13532.25,2/23/2023 9:38:00 AM,2/23/2023 1:38:00 PM,Sell short,Buy to cover,$320.76,$7579.52,$1.74,$25.00,$430.50,$109.74,61,
128,MNQ DEC24,Backtest,MomentumNQ,Short,1,13364.00,13427.00,3/13/2023 10:14:00 AM,3/13/2023 11:06:00 AM,Sell short,Stop loss,($127.74),$7451.78,$1.74,$126.00,$147.00,$274.74,14,
129,MNQ DEC24,Backtest,MomentumNQ,Long,1,13651.75,13588.75,3/14/2023 11:18:00 AM,3/14/2023 1:18:00 PM,Buy,Stop loss,($127.74),$7324.04,$1.74,$126.00,$65.50,$193.24,31,
130,MNQ DEC24,Backtest,MomentumNQ,Long,1,13561.00,13498.00,3/15/2023 9:42:00 AM,3/15/2023 10:38:00 AM,Buy,Stop loss,($127.74),$7196.30,$1.74,$126.00,$83.00,$210.74,15,
131,MNQ DEC24,Backtest,MomentumNQ,Long,1,13951.25,14043.00,3/16/2023 12:22:00 PM,3/16/2023 4:00:00 PM,Buy,Exit on session close,$181.76,$7378.06,$1.74,$23.50,$221.50,$39.74,56,
132,MNQ DEC24,Backtest,MomentumNQ,Long,1,14319.75,14256.75,3/23/2023 11:38:00 AM,3/23/2023 1:14:00 PM,Buy,Stop loss,($127.74),$7250.32,$1.74,$126.00,$38.00,$165.74,25,
133,MNQ DEC24,Backtest,MomentumNQ,Long,1,14243.75,14315.25,3/29/2023 11:54:00 AM,3/29/2023 3:54:00 PM,Buy,Sell,$141.26,$7391.58,$1.74,$52.00,$148.50,$7.24,61,
134,MNQ DEC24,Backtest,MomentumNQ,Long,1,14368.50,14370.75,3/30/2023 10:22:00 AM,3/30/2023 2:22:00 PM,Buy,Sell,$2.76,$7394.34,$1.74,$58.50,$143.00,$140.24,61,
135,MNQ DEC24,Backtest,MomentumNQ,Short,1,14491.75,14450.25,4/17/2023 9:38:00 AM,4/17/2023 1:38:00 PM,Sell short,Buy to cover,$81.26,$7475.60,$1.74,$84.50,$173.50,$92.24,61,
136,MNQ DEC24,Backtest,MomentumNQ,Long,1,14551.75,14488.75,4/18/2023 10:14:00 AM,4/18/2023 10:34:00 AM,Buy,Stop loss,($127.74),$7347.86,$1.74,$126.00,$9.50,$137.24,6,
137,MNQ DEC24,Backtest,MomentumNQ,Short,1,14342.00,14405.00,4/27/2023 9:38:00 AM,4/27/2023 10:18:00 AM,Sell short,Stop loss,($127.74),$7220.12,$1.74,$126.00,$0.00,$127.74,11,
138,MNQ DEC24,Backtest,MomentumNQ,Long,1,14467.00,14571.00,4/27/2023 11:58:00 AM,4/27/2023 3:58:00 PM,Buy,Sell,$206.26,$7426.38,$1.74,$15.50,$228.50,$22.24,61,
139,MNQ DEC24,Backtest,MomentumNQ,Short,1,14733.25,14604.75,5/10/2023 9:38:00 AM,5/10/2023 1:38:00 PM,Sell short,Buy to cover,$255.26,$7681.64,$1.74,$57.50,$275.50,$20.24,61,
140,MNQ DEC24,Backtest,MomentumNQ,Long,1,15157.00,15094.00,5/18/2023 11:46:00 AM,5/18/2023 2:02:00 PM,Buy,Stop loss,($127.74),$7553.90,$1.74,$126.00,$53.00,$180.74,35,
141,MNQ DEC24,Backtest,MomentumNQ,Long,1,14981.00,14981.00,5/24/2023 4:00:00 PM,5/24/2023 4:00:00 PM,Buy,Exit on session close,($1.74),$7552.16,$1.74,$18.00,$6.50,$8.24,1,
142,MNQ DEC24,Backtest,MomentumNQ,Long,1,15265.50,15300.00,5/25/2023 11:10:00 AM,5/25/2023 3:10:00 PM,Buy,Sell,$67.26,$7619.42,$1.74,$32.50,$188.00,$120.74,61,
143,MNQ DEC24,Backtest,MomentumNQ,Long,1,15619.50,15660.50,5/26/2023 12:10:00 PM,5/26/2023 4:00:00 PM,Buy,Exit on session close,$80.26,$7699.68,$1.74,$13.00,$154.50,$74.24,59,
144,MNQ DEC24,Backtest,MomentumNQ,Long,1,15790.50,15727.50,5/30/2023 11:02:00 AM,5/30/2023 12:42:00 PM,Buy,Stop loss,($127.74),$7571.94,$1.74,$126.00,$44.00,$171.74,26,
145,MNQ DEC24,Backtest,MomentumNQ,Long,1,15834.75,15900.75,6/2/2023 10:10:00 AM,6/2/2023 2:10:00 PM,Buy,Sell,$130.26,$7702.20,$1.74,$47.50,$205.00,$74.74,61,
146,MNQ DEC24,Backtest,MomentumNQ,Long,1,16245.75,16182.75,6/13/2023 1:02:00 PM,6/13/2023 2:30:00 PM,Buy,Stop loss,($127.74),$7574.46,$1.74,$126.00,$38.50,$166.24,23,
147,MNQ DEC24,Backtest,MomentumNQ,Long,1,16457.50,16528.25,6/15/2023 12:02:00 PM,6/15/2023 4:00:00 PM,Buy,Sell,$139.76,$7714.22,$1.74,$94.00,$265.50,$125.74,61,
148,MNQ DEC24,Backtest,MomentumNQ,Long,1,16062.25,16270.00,6/27/2023 10:26:00 AM,6/27/2023 2:26:00 PM,Buy,Sell,$413.76,$8127.98,$1.74,$46.50,$431.00,$17.24,61,
149,MNQ DEC24,Backtest,MomentumNQ,Long,1,16797.00,16854.75,7/13/2023 12:34:00 PM,7/13/2023 4:00:00 PM,Buy,Exit on session close,$113.76,$8241.74,$1.74,$21.50,$187.00,$73.24,53,
150,MNQ DEC24,Backtest,MomentumNQ,Short,1,16921.50,16984.50,7/17/2023 9:42:00 AM,7/17/2023 2:26:00 PM,Sell short,Stop loss,($127.74),$8114.00,$1.74,$126.00,$127.00,$254.74,72,
151,MNQ DEC24,Backtest,MomentumNQ,Short,1,16893.25,16956.25,7/28/2023 9:38:00 AM,7/28/2023 9:54:00 AM,Sell short,Stop loss,($127.74),$7986.26,$1.74,$126.00,$49.00,$176.74,5,
152,MNQ DEC24,Backtest,MomentumNQ,Long,1,17018.75,16955.75,7/28/2023 11:42:00 AM,7/28/2023 1:38:00 PM,Buy,Stop loss,($127.74),$7858.52,$1.74,$126.00,$52.50,$180.24,30,
153,MNQ DEC24,Backtest,MomentumNQ,Short,1,16699.50,16699.25,8/4/2023 9:38:00 AM,8/4/2023 1:38:00 PM,Sell short,Buy to cover,($1.24),$7857.28,$1.74,$120.00,$315.00,$316.24,61,
154,MNQ DEC24,Backtest,MomentumNQ,Long,1,16348.75,16376.00,8/14/2023 11:30:00 AM,8/14/2023 3:30:00 PM,Buy,Sell,$52.76,$7910.04,$1.74,$54.50,$95.00,$42.24,61,
155,MNQ DEC24,Backtest,MomentumNQ,Long,1,16100.25,16136.00,8/21/2023 2:14:00 PM,8/21/2023 4:00:00 PM,Buy,Exit on session close,$69.76,$7979.80,$1.74,$5.50,$125.50,$55.74,28,
156,MNQ DEC24,Backtest,MomentumNQ,Short,1,16143.50,16058.75,8/25/2023 10:18:00 AM,8/25/2023 10:30:00 AM,Sell short,Close position,$167.76,$8147.56,$1.74,$109.50,$197.00,$29.24,4,
157,MNQ DEC24,Backtest,MomentumNQ,Long,1,16058.75,15995.75,8/25/2023 10:30:00 AM,8/25/2023 10:38:00 AM,Buy,Stop loss,($127.74),$8019.82,$1.74,$126.00,$9.50,$137.24,3,
158,MNQ DEC24,Backtest,MomentumNQ,Long,1,16198.75,16135.75,8/28/2023 10:06:00 AM,8/28/2023 11:46:00 AM,Buy,Stop loss,($127.74),$7892.08,$1.74,$126.00,$94.50,$222.24,26,
159,MNQ DEC24,Backtest,MomentumNQ,Long,1,16505.25,16565.50,8/29/2023 11:38:00 AM,8/29/2023 3:38:00 PM,Buy,Sell,$118.76,$8010.84,$1.74,$5.50,$146.00,$27.24,61,
160,MNQ DEC24,Backtest,MomentumNQ,Long,1,16617.25,16639.75,8/30/2023 11:26:00 AM,8/30/2023 3:26:00 PM,Buy,Sell,$43.26,$8054.10,$1.74,$42.00,$113.00,$69.74,61,
161,MNQ DEC24,Backtest,MomentumNQ,Short,1,16599.50,16629.25,9/11/2023 9:38:00 AM,9/11/2023 4:00:00 PM,Sell short,Exit on session close,($61.24),$7992.86,$1.74,$101.50,$216.50,$277.74,97,
162,MNQ DEC24,Backtest,MomentumNQ,Short,1,15743.75,15806.75,10/4/2023 9:38:00 AM,10/4/2023 11:22:00 AM,Sell short,Stop loss,($127.74),$7865.12,$1.74,$126.00,$110.50,$238.24,27,
163,MNQ DEC24,Backtest,MomentumNQ,Long,1,16037.50,16066.75,10/6/2023 1:26:00 PM,10/6/2023 4:00:00 PM,Buy,Exit on session close,$56.76,$7921.88,$1.74,$20.00,$154.50,$97.74,40,
164,MNQ DEC24,Backtest,MomentumNQ,Long,1,15988.25,15925.25,10/9/2023 10:34:00 AM,10/9/2023 11:14:00 AM,Buy,Stop loss,($127.74),$7794.14,$1.74,$126.00,$18.00,$145.74,11,
165,MNQ DEC24,Backtest,MomentumNQ,Short,1,16085.00,15840.50,10/19/2023 12:26:00 PM,10/19/2023 4:00:00 PM,Sell short,Exit on session close,$487.26,$8281.40,$1.74,$14.50,$557.50,$70.24,55,
166,MNQ DEC24,Backtest,MomentumNQ,Short,1,15331.00,15394.00,10/30/2023 9:38:00 AM,10/30/2023 9:46:00 AM,Sell short,Stop loss,($127.74),$8153.66,$1.74,$126.00,$0.00,$127.74,3,
167,MNQ DEC24,Backtest,MomentumNQ,Long,1,15580.75,15517.75,11/1/2023 11:06:00 AM,11/1/2023 12:42:00 PM,Buy,Stop loss,($127.74),$8025.92,$1.74,$126.00,$33.00,$160.74,25,
168,MNQ DEC24,Backtest,MomentumNQ,Long,1,15923.75,15948.00,11/2/2023 11:10:00 AM,11/2/2023 3:10:00 PM,Buy,Sell,$46.76,$8072.68,$1.74,$94.00,$76.00,$29.24,61,
169,MNQ DEC24,Backtest,MomentumNQ,Long,1,16145.00,16128.00,11/3/2023 1:06:00 PM,11/3/2023 4:00:00 PM,Buy,Exit on session close,($35.74),$8036.94,$1.74,$68.50,$75.50,$111.24,45,
170,MNQ DEC24,Backtest,MomentumNQ,Short,1,16315.50,16378.50,11/10/2023 9:46:00 AM,11/10/2023 11:06:00 AM,Sell short,Stop loss,($127.74),$7909.20,$1.74,$126.00,$78.50,$206.24,21,
171,MNQ DEC24,Backtest,MomentumNQ,Long,1,16432.75,16551.00,11/10/2023 12:34:00 PM,11/10/2023 4:00:00 PM,Buy,Exit on session close,$234.76,$8143.96,$1.74,$7.00,$253.00,$18.24,53,
172,MNQ DEC24,Backtest,MomentumNQ,Short,1,16759.00,16822.00,11/14/2023 9:38:00 AM,11/14/2023 10:02:00 AM,Sell short,Stop loss,($127.74),$8016.22,$1.74,$126.00,$21.00,$148.74,7,
173,MNQ DEC24,Backtest,MomentumNQ,Long,1,16886.00,16823.50,11/15/2023 10:22:00 AM,11/15/2023 1:06:00 PM,Buy,Stop loss,($126.74),$7889.48,$1.74,$125.00,$91.00,$217.74,42,
174,MNQ DEC24,Backtest,MomentumNQ,Long,1,16991.50,17040.25,11/22/2023 10:18:00 AM,11/22/2023 2:18:00 PM,Buy,Sell,$95.76,$7985.24,$1.74,$64.00,$135.00,$39.24,61,
175,MNQ DEC24,Backtest,MomentumNQ,Long,1,16889.75,16826.75,12/6/2023 11:26:00 AM,12/6/2023 11:34:00 AM,Buy,Stop loss,($127.74),$7857.50,$1.74,$126.00,$5.00,$132.74,3,
176,MNQ DEC24,Backtest,MomentumNQ,Long,1,16972.50,16990.00,12/7/2023 12:18:00 PM,12/7/2023 4:00:00 PM,Buy,Exit on session close,$33.26,$7890.76,$1.74,$12.50,$95.00,$61.74,57,
177,MNQ DEC24,Backtest,MomentumNQ,Short,1,17288.75,17351.75,1/8/2024 9:38:00 AM,1/8/2024 9:58:00 AM,Sell short,Stop loss,($127.74),$7763.02,$1.74,$126.00,$14.50,$142.24,6,
178,MNQ DEC24,Backtest,MomentumNQ,Short,1,17635.00,17698.00,1/11/2024 1:22:00 PM,1/11/2024 2:34:00 PM,Sell short,Stop loss,($127.74),$7635.28,$1.74,$126.00,$26.50,$154.24,19,
179,MNQ DEC24,Backtest,MomentumNQ,Long,1,17815.50,17752.50,1/18/2024 11:22:00 AM,1/18/2024 12:14:00 PM,Buy,Stop loss,($127.74),$7507.54,$1.74,$126.00,$61.00,$188.74,14,
180,MNQ DEC24,Backtest,MomentumNQ,Long,1,17986.00,18180.25,1/19/2024 11:10:00 AM,1/19/2024 3:10:00 PM,Buy,Sell,$386.76,$7894.30,$1.74,$31.00,$409.00,$22.24,61,
181,MNQ DEC24,Backtest,MomentumNQ,Long,1,18504.25,18441.25,1/24/2024 12:14:00 PM,1/24/2024 1:46:00 PM,Buy,Stop loss,($127.74),$7766.56,$1.74,$126.00,$66.50,$194.24,24,
182,MNQ DEC24,Backtest,MomentumNQ,Short,1,18095.75,18158.75,2/1/2024 10:14:00 AM,2/1/2024 2:46:00 PM,Sell short,Stop loss,($127.74),$7638.82,$1.74,$126.00,$176.50,$304.24,69,
183,MNQ DEC24,Backtest,MomentumNQ,Long,1,18373.00,18502.25,2/2/2024 11:10:00 AM,2/2/2024 3:10:00 PM,Buy,Sell,$256.76,$7895.58,$1.74,$6.50,$292.00,$35.24,61,
184,MNQ DEC24,Backtest,MomentumNQ,Long,1,18650.75,18656.50,2/15/2024 2:02:00 PM,2/15/2024 4:00:00 PM,Buy,Exit on session close,$9.76,$7905.34,$1.74,$68.00,$42.50,$32.74,31,
185,MNQ DEC24,Backtest,MomentumNQ,Short,1,18606.75,18512.75,2/16/2024 11:22:00 AM,2/16/2024 3:22:00 PM,Sell short,Buy to cover,$186.26,$8091.60,$1.74,$80.50,$204.00,$17.74,61,
186,MNQ DEC24,Backtest,MomentumNQ,Short,1,18229.50,18281.25,2/21/2024 3:42:00 PM,2/21/2024 4:00:00 PM,Sell short,Exit on session close,($105.24),$7986.36,$1.74,$113.00,$21.00,$126.24,6,
187,MNQ DEC24,Backtest,MomentumNQ,Long,1,18719.25,18822.25,2/22/2024 11:46:00 AM,2/22/2024 3:46:00 PM,Buy,Sell,$204.26,$8190.62,$1.74,$81.50,$222.50,$18.24,61,
188,MNQ DEC24,Backtest,MomentumNQ,Short,1,18792.50,18724.50,2/29/2024 9:38:00 AM,2/29/2024 12:42:00 PM,Sell short,Close position,$134.26,$8324.88,$1.74,$46.50,$302.00,$167.74,47,
189,MNQ DEC24,Backtest,MomentumNQ,Long,1,18724.50,18809.75,2/29/2024 12:42:00 PM,2/29/2024 4:00:00 PM,Buy,Exit on session close,$168.76,$8493.64,$1.74,$12.00,$256.00,$87.24,51,
190,MNQ DEC24,Backtest,MomentumNQ,Long,1,18974.50,19087.75,3/1/2024 11:34:00 AM,3/1/2024 3:34:00 PM,Buy,Sell,$224.76,$8718.40,$1.74,$44.50,$283.00,$58.24,61,
191,MNQ DEC24,Backtest,MomentumNQ,Short,1,18853.25,18837.75,3/6/2024 9:38:00 AM,3/6/2024 11:42:00 AM,Sell short,Close position,$29.26,$8747.66,$1.74,$10.50,$292.50,$263.24,32,
192,MNQ DEC24,Backtest,MomentumNQ,Long,1,18837.75,18774.75,3/6/2024 11:42:00 AM,3/6/2024 1:54:00 PM,Buy,Stop loss,($127.74),$8619.92,$1.74,$126.00,$160.00,$287.74,34,
193,MNQ DEC24,Backtest,MomentumNQ,Short,1,18917.00,18980.00,3/7/2024 9:38:00 AM,3/7/2024 10:30:00 AM,Sell short,Stop loss,($127.74),$8492.18,$1.74,$126.00,$109.00,$236.74,14,
194,MNQ DEC24,Backtest,MomentumNQ,Long,1,19002.00,19057.00,3/7/2024 11:10:00 AM,3/7/2024 3:10:00 PM,Buy,Sell,$108.26,$8600.44,$1.74,$15.50,$203.00,$94.74,61,
195,MNQ DEC24,Backtest,MomentumNQ,Short,1,18806.25,18869.25,3/18/2024 9:38:00 AM,3/18/2024 10:30:00 AM,Sell short,Stop loss,($127.74),$8472.70,$1.74,$126.00,$49.50,$177.24,14,
196,MNQ DEC24,Backtest,MomentumNQ,Long,1,18859.50,18796.50,3/18/2024 10:54:00 AM,3/18/2024 11:18:00 AM,Buy,Stop loss,($127.74),$8344.96,$1.74,$126.00,$5.50,$133.24,7,
197,MNQ DEC24,Backtest,MomentumNQ,Long,1,19183.50,19120.50,3/21/2024 12:06:00 PM,3/21/2024 1:54:00 PM,Buy,Stop loss,($127.74),$8217.22,$1.74,$126.00,$39.50,$167.24,28,
198,MNQ DEC24,Backtest,MomentumNQ,Long,1,19042.25,18979.25,4/1/2024 10:30:00 AM,4/1/2024 10:42:00 AM,Buy,Stop loss,($127.74),$8089.48,$1.74,$126.00,$1.00,$128.74,4,
199,MNQ DEC24,Backtest,MomentumNQ,Short,1,19039.75,19036.00,4/4/2024 9:38:00 AM,4/4/2024 1:38:00 PM,Sell short,Buy to cover,$5.76,$8095.24,$1.74,$48.50,$128.00,$122.24,61,
200,MNQ DEC24,Backtest,MomentumNQ,Long,1,18749.25,18991.25,4/11/2024 11:18:00 AM,4/11/2024 3:18:00 PM,Buy,Sell,$482.26,$8577.50,$1.74,$22.50,$518.00,$35.74,61,
201,MNQ DEC24,Backtest,MomentumNQ,Short,1,18777.50,18742.50,4/15/2024 9:38:00 AM,4/15/2024 10:22:00 AM,Sell short,Close position,$68.26,$8645.76,$1.74,$88.50,$181.50,$113.24,12,
202,MNQ DEC24,Backtest,MomentumNQ,Long,1,18742.50,18679.50,4/15/2024 10:22:00 AM,4/15/2024 10:54:00 AM,Buy,Stop loss,($127.74),$8518.02,$1.74,$126.00,$10.50,$138.24,9,
203,MNQ DEC24,Backtest,MomentumNQ,Short,1,17796.25,17859.25,4/22/2024 9:38:00 AM,4/22/2024 1:50:00 PM,Sell short,Stop loss,($127.74),$8390.28,$1.74,$126.00,$303.50,$431.24,64,
204,MNQ DEC24,Backtest,MomentumNQ,Long,1,18052.50,18117.00,4/23/2024 11:14:00 AM,4/23/2024 3:14:00 PM,Buy,Sell,$127.26,$8517.54,$1.74,$1.50,$199.50,$72.24,61,
205,MNQ DEC24,Backtest,MomentumNQ,Short,1,18053.75,18116.75,5/1/2024 2:34:00 PM,5/1/2024 2:42:00 PM,Sell short,Stop loss,($127.74),$8389.80,$1.74,$126.00,$187.00,$314.74,3,
206,MNQ DEC24,Backtest,MomentumNQ,Long,1,18489.50,18498.50,5/3/2024 11:58:00 AM,5/3/2024 3:58:00 PM,Buy,Sell,$16.26,$8406.06,$1.74,$64.50,$68.50,$52.24,61,
207,MNQ DEC24,Backtest,MomentumNQ,Long,1,19472.00,19542.25,6/5/2024 11:42:00 AM,6/5/2024 3:42:00 PM,Buy,Sell,$138.76,$8544.82,$1.74,$43.50,$152.50,$13.74,61,
208,MNQ DEC24,Backtest,MomentumNQ,Short,1,20134.25,20050.50,6/13/2024 9:38:00 AM,6/13/2024 10:30:00 AM,Sell short,Close position,$165.76,$8710.58,$1.74,$50.50,$207.50,$41.74,14,
209,MNQ DEC24,Backtest,MomentumNQ,Long,1,20050.50,20086.50,6/13/2024 10:30:00 AM,6/13/2024 2:30:00 PM,Buy,Sell,$70.26,$8780.84,$1.74,$109.50,$108.00,$37.74,61,
210,MNQ DEC24,Backtest,MomentumNQ,Long,1,20220.50,20157.50,6/26/2024 10:38:00 AM,6/26/2024 11:14:00 AM,Buy,Stop loss,($127.74),$8653.10,$1.74,$126.00,$47.50,$175.24,10,
211,MNQ DEC24,Backtest,MomentumNQ,Long,1,20793.50,20858.75,7/5/2024 11:18:00 AM,7/5/2024 3:18:00 PM,Buy,Sell,$128.76,$8781.86,$1.74,$34.50,$161.00,$32.24,61,
212,MNQ DEC24,Backtest,MomentumNQ,Short,1,20349.25,20293.00,7/18/2024 9:38:00 AM,7/18/2024 10:26:00 AM,Sell short,Close position,$110.76,$8892.62,$1.74,$7.00,$188.50,$77.74,13,
213,MNQ DEC24,Backtest,MomentumNQ,Long,1,20293.00,20319.50,7/18/2024 10:26:00 AM,7/18/2024 10:30:00 AM,Buy,Close position,$51.26,$8943.88,$1.74,$3.50,$58.00,$6.74,2,
214,MNQ DEC24,Backtest,MomentumNQ,Short,1,20319.50,20113.50,7/18/2024 10:30:00 AM,7/18/2024 2:30:00 PM,Sell short,Buy to cover,$410.26,$9354.14,$1.74,$6.50,$623.00,$212.74,61,
215,MNQ DEC24,Backtest,MomentumNQ,Short,1,20149.50,20127.75,7/18/2024 3:50:00 PM,7/18/2024 4:00:00 PM,Sell short,Exit on session close,$41.76,$9395.90,$1.74,$93.50,$100.50,$58.74,4,
216,MNQ DEC24,Backtest,MomentumNQ,Short,1,20131.25,19951.50,7/19/2024 9:54:00 AM,7/19/2024 1:54:00 PM,Sell short,Buy to cover,$357.76,$9753.66,$1.74,$83.00,$484.00,$126.24,61,
217,MNQ DEC24,Backtest,MomentumNQ,Short,1,20121.00,20184.00,7/22/2024 9:38:00 AM,7/22/2024 9:42:00 AM,Sell short,Stop loss,($127.74),$9625.92,$1.74,$126.00,$7.00,$134.74,2,
218,MNQ DEC24,Backtest,MomentumNQ,Long,1,20223.50,20160.50,7/22/2024 11:10:00 AM,7/22/2024 11:10:00 AM,Buy,Stop loss,($127.74),$9498.18,$1.74,$126.00,$0.00,$127.74,1,
219,MNQ DEC24,Backtest,MomentumNQ,Short,1,19577.00,19640.00,7/31/2024 9:38:00 AM,7/31/2024 9:42:00 AM,Sell short,Stop loss,($127.74),$9370.44,$1.74,$126.00,$62.50,$190.24,2,
220,MNQ DEC24,Backtest,MomentumNQ,Long,1,19721.50,19658.50,7/31/2024 11:54:00 AM,7/31/2024 1:02:00 PM,Buy,Stop loss,($127.74),$9242.70,$1.74,$126.00,$9.00,$136.74,18,
221,MNQ DEC24,Backtest,MomentumNQ,Long,1,18094.00,18269.50,8/5/2024 10:34:00 AM,8/5/2024 2:34:00 PM,Buy,Sell,$349.26,$9591.96,$1.74,$17.00,$861.00,$511.74,61,
222,MNQ DEC24,Backtest,MomentumNQ,Short,1,18388.50,18451.50,8/6/2024 9:38:00 AM,8/6/2024 10:10:00 AM,Sell short,Stop loss,($127.74),$9464.22,$1.74,$126.00,$384.00,$511.74,9,
223,MNQ DEC24,Backtest,MomentumNQ,Long,1,18497.00,18434.00,8/6/2024 11:30:00 AM,8/6/2024 11:30:00 AM,Buy,Stop loss,($127.74),$9336.48,$1.74,$126.00,$0.00,$127.74,1,
224,MNQ DEC24,Backtest,MomentumNQ,Long,1,18570.50,18507.50,8/6/2024 12:14:00 PM,8/6/2024 3:18:00 PM,Buy,Stop loss,($127.74),$9208.74,$1.74,$126.00,$295.50,$423.24,47,
225,MNQ DEC24,Backtest,MomentumNQ,Short,1,18710.00,18773.00,8/7/2024 9:38:00 AM,8/7/2024 9:42:00 AM,Sell short,Stop loss,($127.74),$9081.00,$1.74,$126.00,$31.50,$159.24,2,
226,MNQ DEC24,Backtest,MomentumNQ,Long,1,18744.75,18842.50,8/9/2024 11:34:00 AM,8/9/2024 3:34:00 PM,Buy,Sell,$193.76,$9274.76,$1.74,$118.00,$330.50,$136.74,61,
227,MNQ DEC24,Backtest,MomentumNQ,Long,1,18931.25,18868.25,8/12/2024 12:26:00 PM,8/12/2024 12:58:00 PM,Buy,Stop loss,($127.74),$9147.02,$1.74,$126.00,$40.00,$167.74,9,
228,MNQ DEC24,Backtest,MomentumNQ,Short,1,19102.25,19165.25,8/13/2024 9:38:00 AM,8/13/2024 10:50:00 AM,Sell short,Stop loss,($127.74),$9019.28,$1.74,$126.00,$82.00,$209.74,19,
229,MNQ DEC24,Backtest,MomentumNQ,Long,1,19195.25,19288.00,8/13/2024 11:10:00 AM,8/13/2024 3:10:00 PM,Buy,Sell,$183.76,$9203.04,$1.74,$42.00,$256.00,$72.24,61,
230,MNQ DEC24,Backtest,MomentumNQ,Long,1,19728.50,19806.00,8/15/2024 11:06:00 AM,8/15/2024 3:06:00 PM,Buy,Sell,$153.26,$9356.30,$1.74,$24.00,$198.00,$44.74,61,
231,MNQ DEC24,Backtest,MomentumNQ,Long,1,19984.25,19921.25,8/23/2024 11:54:00 AM,8/23/2024 12:02:00 PM,Buy,Stop loss,($127.74),$9228.56,$1.74,$126.00,$4.00,$131.74,3,
232,MNQ DEC24,Backtest,MomentumNQ,Short,1,19800.50,19863.50,8/29/2024 9:38:00 AM,8/29/2024 9:58:00 AM,Sell short,Stop loss,($127.74),$9100.82,$1.74,$126.00,$65.00,$192.74,6,
233,MNQ DEC24,Backtest,MomentumNQ,Long,1,19874.25,19811.25,8/29/2024 11:10:00 AM,8/29/2024 1:50:00 PM,Buy,Stop loss,($127.74),$8973.08,$1.74,$126.00,$101.50,$229.24,41,
234,MNQ DEC24,Backtest,MomentumNQ,Short,1,18888.75,18951.75,9/9/2024 9:38:00 AM,9/9/2024 10:14:00 AM,Sell short,Stop loss,($127.74),$8845.34,$1.74,$126.00,$38.50,$166.24,10,
235,MNQ DEC24,Backtest,MomentumNQ,Long,1,19447.00,19489.50,9/11/2024 3:54:00 PM,9/11/2024 4:00:00 PM,Buy,Exit on session close,$83.26,$8928.60,$1.74,$46.00,$163.50,$80.24,3,
236,MNQ DEC24,Backtest,MomentumNQ,Long,1,19492.50,19697.00,9/12/2024 10:06:00 AM,9/12/2024 2:06:00 PM,Buy,Sell,$407.26,$9335.86,$1.74,$73.50,$428.50,$21.24,61,
237,MNQ DEC24,Backtest,MomentumNQ,Long,1,19683.25,19620.25,9/12/2024 2:22:00 PM,9/12/2024 2:54:00 PM,Buy,Stop loss,($127.74),$9208.12,$1.74,$126.00,$70.50,$198.24,9,
238,MNQ DEC24,Backtest,MomentumNQ,Short,1,20036.25,20099.25,9/19/2024 9:38:00 AM,9/19/2024 10:30:00 AM,Sell short,Stop loss,($127.74),$9080.38,$1.74,$126.00,$146.00,$273.74,14,
239,MNQ DEC24,Backtest,MomentumNQ,Long,1,20098.00,20128.75,9/19/2024 11:10:00 AM,9/19/2024 3:10:00 PM,Buy,Sell,$59.76,$9140.14,$1.74,$78.50,$207.50,$147.74,61,
240,MNQ DEC24,Backtest,MomentumNQ,Short,1,20465.50,20260.00,9/26/2024 9:38:00 AM,9/26/2024 1:38:00 PM,Sell short,Buy to cover,$409.26,$9549.40,$1.74,$14.50,$555.00,$145.74,61,
241,MNQ DEC24,Backtest,MomentumNQ,Long,1,20104.25,20226.00,10/4/2024 12:34:00 PM,10/4/2024 4:00:00 PM,Buy,Exit on session close,$241.76,$9791.16,$1.74,$41.50,$282.00,$40.24,53,
